customer_id,age,gender,region,education_level,employment_type,annual_income,loan_amount,loan_purpose,credit_score,repayment_history,transaction_count,spending_ratio,join_date,default_flag
CUST0001,,Male,North,Graduate,Salaried,490173.96,557524.62,Home,624.8,0,8,0.1343,2017-08-10,0
CUST0002,,Female,North,Secondary,Unemployed,749398.72,211485.32,Home,351.0,1,50,0.8127,2021-10-08,1
CUST0003,40,Other,East,Secondary,Unemployed,290421.69,629801.26,Car,776.6,6,40,0.4581,2019-02-03,1
CUST0004,62,,South,Secondary,Self-Employed,693292.07,529999.82,Education,763.6,12,12,0.2561,2015-05-12,0
CUST0005,35,Other,West,Post-Graduate,Unemployed,,234970.63,Education,710.9,6,119,0.5752,2019-01-22,1
CUST0006,62,Male,West,Primary,Self-Employed,696105.07,446835.76,Home,674.2,1,92,0.8463,2023-06-03,0
CUST0007,,Other,South,Primary,Unemployed,587978.23,506727.66,Car,596.7,12,72,0.8766,2021-09-19,1
CUST0008,25,Male,North,Primary,Unemployed,831787.6,620451.62,Car,662.9,8,26,0.2886,2021-10-20,1
CUST0009,,Other,East,Post-Graduate,Unemployed,786931.98,2330882.28,Other,421.1,1,95,0.618,2017-07-26,1
CUST0010,56,Male,West,Secondary,Self-Employed,1249746.1,122698.11,Business,526.1,11,11,0.656,2022-03-31,1
CUST0011,50,Male,West,Secondary,Self-Employed,801416.49,106538.67,Other,353.8,10,74,0.8024,2016-01-18,0
CUST0012,25,Male,West,Primary,Self-Employed,,391256.28,Other,664.0,7,24,0.2209,2017-06-10,0
CUST0013,54,Other,South,Primary,Unemployed,304144.9,496276.33,Car,522.1,9,36,0.571,2015-06-12,1
CUST0014,42,Male,East,Post-Graduate,Salaried,,287132.9,Home,305.1,9,77,0.9465,2015-10-28,1
CUST0015,40,Male,West,Graduate,Unemployed,1479009.3,446705.52,Other,464.7,10,18,0.895,2016-07-04,1
CUST0016,43,Male,East,Post-Graduate,Self-Employed,1376937.44,119223.85,Education,324.2,5,103,0.1677,2017-12-08,1
CUST0017,31,Other,North,Graduate,Unemployed,918282.63,81371.64,Home,794.4,3,92,0.2746,2016-02-26,0
CUST0018,37,Male,South,Post-Graduate,Salaried,433168.86,636789.87,Car,446.7,12,94,0.1473,2015-06-08,0
CUST0019,36,Male,North,Secondary,Self-Employed,,775166.83,Other,519.8,8,47,0.8953,2016-04-17,0
CUST0020,44,Other,East,Post-Graduate,Unemployed,1479506.6,724628.55,Home,689.8,0,71,0.883,2021-01-14,0
CUST0021,43,Other,East,Primary,Unemployed,1370060.89,550169.68,Education,,3,58,0.6484,2019-04-02,0
CUST0022,40,Male,West,Graduate,Self-Employed,774321.82,433380.5,Car,662.4,4,70,0.6475,2021-12-11,0
CUST0023,,Male,South,Post-Graduate,Unemployed,1304659.0,360830.76,Car,695.1,6,68,0.4097,2016-08-27,0
CUST0024,33,Other,West,Primary,Unemployed,523957.76,392346.37,Other,843.3,9,45,0.905,2019-12-18,1
CUST0025,52,Female,East,Secondary,Unemployed,560504.76,413447.76,Business,342.6,4,35,0.2945,2018-08-02,0
CUST0026,48,Female,East,Post-Graduate,Self-Employed,280945.42,342107.61,Home,771.2,12,78,0.3923,2015-01-25,0
CUST0027,56,Other,South,Post-Graduate,Salaried,554815.91,341642.9,Business,698.3,7,21,0.9326,2020-12-27,1
CUST0028,25,Female,West,Graduate,Salaried,791109.12,709729.99,Business,,1,65,0.0674,2021-01-18,1
CUST0029,23,Male,South,Primary,Unemployed,398097.05,552094.13,Car,555.8,4,103,0.382,2021-10-17,0
CUST0030,23,Female,West,Post-Graduate,Unemployed,457828.71,672928.73,Education,767.7,9,108,0.1589,2021-05-07,0
CUST0031,48,Female,North,Post-Graduate,Self-Employed,1026260.64,580481.48,Other,831.0,4,83,0.7774,2021-01-13,0
CUST0032,27,Female,West,Secondary,Self-Employed,940804.54,302297.46,Education,400.0,3,50,0.768,2018-10-26,1
CUST0033,37,Other,West,Post-Graduate,Unemployed,1185614.05,534427.17,Home,351.2,3,56,0.6726,2018-06-08,0
CUST0034,44,Other,West,Graduate,Self-Employed,526824.78,194438.22,Other,823.0,11,28,0.2224,2023-04-14,0
CUST0035,,Female,South,Graduate,Salaried,592947.87,1581789.03,Education,683.6,2,86,0.8316,2020-07-03,1
CUST0036,38,Female,North,Primary,Self-Employed,839270.53,564838.26,Other,822.0,1,36,0.1566,2023-07-29,0
CUST0037,,,West,Graduate,Unemployed,1007335.52,605066.98,Car,644.0,4,89,0.1231,2017-09-09,1
CUST0038,,Female,East,Post-Graduate,Salaried,1093600.4,640871.02,Car,533.8,8,33,0.6329,2017-12-24,0
CUST0039,,Female,North,Post-Graduate,Unemployed,595318.55,254184.64,Business,344.2,0,118,0.4388,2018-08-13,0
CUST0040,23,Other,East,Primary,Salaried,811651.07,737054.59,Other,539.7,7,16,0.473,2019-07-31,1
CUST0041,47,Other,North,Post-Graduate,Salaried,608872.3,777638.55,Other,753.7,0,89,0.8324,2020-03-07,0
CUST0042,35,Female,South,Graduate,Self-Employed,1345100.6,71652.08,Car,690.4,4,75,0.0623,2019-07-30,1
CUST0043,53,Other,East,Graduate,Self-Employed,1285141.13,232798.18,Business,404.8,9,70,0.7217,2016-07-13,0
CUST0044,22,Female,East,Post-Graduate,Salaried,780511.61,299329.97,Business,550.4,5,116,0.2198,2022-10-27,0
CUST0045,46,Female,South,Post-Graduate,Salaried,364120.15,298996.03,Business,354.8,7,6,0.7002,2019-08-07,0
CUST0046,47,Other,North,Graduate,Unemployed,1317144.84,287495.87,Business,779.8,0,84,0.1116,2022-01-29,0
CUST0047,,Female,South,Graduate,Salaried,259788.26,270025.83,Car,434.3,6,77,0.6636,2017-01-07,1
CUST0048,31,Male,West,Graduate,Self-Employed,9023165.38,725907.07,Car,340.6,5,80,0.3192,2019-10-04,0
CUST0049,46,Other,East,Graduate,Unemployed,583799.98,543672.36,Other,775.8,12,100,0.9262,2021-10-19,0
CUST0050,36,Other,South,Graduate,Unemployed,1182250.52,560641.32,Home,796.9,10,10,0.328,2019-12-11,1
CUST0051,34,Male,East,Graduate,Salaried,534061.11,411385.87,Education,742.3,7,14,0.1767,2017-07-13,0
CUST0052,47,Male,East,Primary,Self-Employed,679161.36,246621.06,Education,359.6,3,65,0.0725,2021-04-18,1
CUST0053,63,Female,North,Secondary,Salaried,1430139.99,419468.46,Other,374.6,7,52,0.6534,2023-05-02,0
CUST0054,53,Other,West,Graduate,Salaried,1097364.86,383521.89,Education,354.6,10,52,0.54,2022-03-26,1
CUST0055,64,Male,North,Primary,Self-Employed,516639.57,473433.48,Other,413.9,3,109,0.8327,2018-09-07,0
CUST0056,56,,South,Primary,Unemployed,1326382.26,318681.71,Other,478.1,2,38,0.0972,2023-04-27,1
CUST0057,50,Other,South,Primary,Unemployed,1218195.09,441088.41,Home,333.5,7,113,0.4115,2022-09-11,1
CUST0058,30,Female,East,Post-Graduate,Unemployed,889723.89,504070.09,Home,769.0,10,117,0.7421,2023-01-31,0
CUST0059,28,,West,Graduate,Unemployed,531356.74,565115.78,Home,757.5,1,60,0.1369,2023-04-15,1
CUST0060,48,Female,West,Primary,Self-Employed,980533.12,483438.89,Business,423.3,1,49,0.8108,2019-02-14,1
CUST0061,61,,North,Graduate,Salaried,434540.89,281738.52,Home,399.8,2,77,0.6416,2015-10-13,1
CUST0062,43,Male,East,Graduate,Unemployed,621697.76,497167.83,Car,386.6,9,11,0.6566,2018-01-19,1
CUST0063,44,Female,North,Graduate,Unemployed,1082032.13,2092895.09,Other,330.1,3,43,0.9008,2023-08-10,1
CUST0064,,Other,East,Primary,Self-Employed,5093707.68,740871.83,Other,536.1,6,95,0.6261,2018-03-31,0
CUST0065,45,Male,West,Primary,Salaried,766379.49,108985.32,Education,421.9,12,26,0.1187,2022-02-06,1
CUST0066,31,Male,North,Secondary,Self-Employed,456453.34,620161.47,Car,823.2,10,68,0.4676,2021-04-28,0
CUST0067,62,Female,South,Post-Graduate,Salaried,809597.41,647247.26,Education,579.0,4,64,0.4567,2015-08-22,0
CUST0068,46,,North,Post-Graduate,Unemployed,1047388.69,406721.77,Home,547.8,12,120,0.8036,2023-01-04,1
CUST0069,61,Male,East,Graduate,Self-Employed,703641.53,559173.29,Education,336.3,1,76,0.6605,2018-03-09,1
CUST0070,64,Male,East,Graduate,Unemployed,1108023.95,496280.92,Education,607.4,10,106,0.3456,2016-06-07,0
CUST0071,49,Other,East,Primary,Self-Employed,,306299.26,Car,424.6,2,24,0.1194,2023-11-03,1
CUST0072,61,Male,West,Secondary,Salaried,435099.76,518555.36,Business,324.0,5,91,0.6976,2019-12-25,0
CUST0073,52,Male,East,Post-Graduate,Self-Employed,1200270.12,427180.02,Car,749.3,12,82,0.1746,2017-10-21,1
CUST0074,29,Female,North,Secondary,Self-Employed,,673285.04,Car,749.2,5,8,0.4234,2019-06-12,0
CUST0075,63,Female,South,Secondary,Salaried,572943.22,572053.99,Business,546.7,0,120,0.1213,2017-11-14,1
CUST0076,37,,North,Primary,Salaried,745773.21,392835.21,Business,628.2,0,85,0.5138,2017-09-17,0
CUST0077,64,Male,East,Primary,Unemployed,907306.55,2809997.16,Home,649.6,5,37,0.7226,2019-01-02,0
CUST0078,,Male,North,Graduate,Unemployed,640111.44,672787.74,Business,647.5,12,22,0.1068,2023-09-15,0
CUST0079,41,Other,West,Post-Graduate,Self-Employed,247607.0,264583.17,Home,776.2,5,39,0.162,2019-02-16,0
CUST0080,53,Female,East,Primary,Unemployed,751849.56,796323.62,Education,476.7,1,46,0.6448,2018-06-09,1
CUST0081,44,Other,West,Graduate,,1474035.46,106280.87,Education,582.2,11,91,0.194,2015-05-08,1
CUST0082,,Other,North,Secondary,Unemployed,784899.34,382954.47,Car,591.2,6,45,0.6346,2017-10-19,0
CUST0083,38,Other,West,Secondary,Unemployed,571249.94,418400.15,Home,548.6,11,61,0.9475,2022-08-25,0
CUST0084,41,,South,Graduate,Unemployed,491514.1,644049.26,Business,314.5,8,78,0.382,2021-03-09,1
CUST0085,48,Female,North,Secondary,Self-Employed,1035040.17,560081.74,Other,651.9,2,103,0.9196,2019-11-08,0
CUST0086,36,Female,East,Primary,Self-Employed,455192.5,255838.27,Other,593.4,8,87,0.2018,2021-07-06,1
CUST0087,23,Male,North,Graduate,Unemployed,474050.89,2833495.32,Other,459.3,4,66,0.2704,2022-09-06,1
CUST0088,43,Other,South,Graduate,Unemployed,615111.31,309027.92,Education,583.2,1,45,0.2676,2016-05-16,1
CUST0089,37,,East,Graduate,Salaried,1192057.79,436043.63,Education,573.6,1,55,0.5049,2017-09-13,0
CUST0090,52,Female,North,Primary,Self-Employed,374115.43,324333.23,Home,520.3,9,76,0.2252,2021-03-16,1
CUST0091,61,Male,South,Primary,Self-Employed,685157.84,468373.88,Car,409.5,8,56,0.5001,2015-07-05,1
CUST0092,30,Female,East,Secondary,Self-Employed,1487800.46,274425.76,Other,592.8,11,77,0.3198,2015-03-10,0
CUST0093,62,Male,West,Graduate,Unemployed,1217775.19,483225.8,Other,,8,85,0.6991,2023-09-08,0
CUST0094,42,Female,South,Post-Graduate,Unemployed,465059.19,508608.54,Home,688.2,8,31,0.5548,2022-06-05,1
CUST0095,65,Other,East,Post-Graduate,Salaried,1444538.62,273874.37,Education,724.1,11,31,0.6712,2020-06-25,1
CUST0096,65,Other,West,Post-Graduate,Self-Employed,1440991.52,267839.49,Home,490.5,7,88,0.2808,2020-05-16,1
CUST0097,59,Male,South,Primary,Unemployed,1376739.45,224627.42,Education,694.5,1,92,0.7437,2015-01-22,0
CUST0098,,Male,East,Graduate,Self-Employed,1039667.29,117095.54,Other,706.3,0,27,0.4261,2016-12-21,0
CUST0099,40,Male,North,Graduate,Unemployed,983617.86,301281.59,Other,588.4,2,113,0.5038,2018-01-22,1
CUST0100,43,Female,South,Secondary,Unemployed,1312990.46,670242.37,Home,520.5,1,28,0.9335,2020-05-09,1
CUST0101,41,Other,North,Graduate,Unemployed,667417.72,550839.59,Car,523.0,8,119,0.849,2023-08-20,1
CUST0102,30,Female,South,Post-Graduate,Unemployed,1485489.35,576455.55,Other,741.1,3,102,0.2727,2023-06-19,0
CUST0103,29,Male,South,Secondary,Salaried,626552.93,137180.02,Other,568.9,8,62,0.7778,2020-02-01,1
CUST0104,23,Female,East,Primary,Unemployed,483271.7,367773.04,Other,846.8,1,65,0.0786,2019-08-02,1
CUST0105,46,Female,West,Post-Graduate,Salaried,1087549.46,454475.2,Education,365.2,8,55,0.526,2023-03-01,0
CUST0106,,Other,West,Secondary,Salaried,798812.86,191360.34,Home,317.7,10,58,0.6034,2015-03-06,1
CUST0107,37,Other,North,Post-Graduate,Self-Employed,504641.06,697797.68,Other,846.4,3,109,0.8748,2021-06-17,0
CUST0108,64,Other,South,Post-Graduate,Self-Employed,557700.1,493750.34,Car,644.3,6,76,0.4961,2018-11-11,0
CUST0109,46,Male,West,Secondary,Salaried,590957.34,654332.12,Other,527.0,6,76,0.527,2019-05-10,1
CUST0110,,Male,East,Post-Graduate,Unemployed,5363921.64,653487.96,Other,419.4,3,116,0.8663,2018-05-26,0
CUST0111,52,Male,South,Post-Graduate,Salaried,917703.08,335496.31,Education,469.6,5,70,0.8445,2020-03-23,1
CUST0112,48,Male,South,Secondary,Salaried,539006.34,484357.19,Car,407.9,3,53,0.5628,2017-10-03,1
CUST0113,63,Other,West,Post-Graduate,Salaried,1152603.91,154968.9,Car,804.3,8,87,0.9115,2020-11-16,1
CUST0114,,Male,North,Secondary,Salaried,484335.57,95337.59,Other,,10,67,0.0642,2020-12-19,0
CUST0115,65,Female,South,Primary,Salaried,881701.02,514835.63,Education,447.0,6,15,0.3857,2019-07-22,1
CUST0116,63,Male,North,Post-Graduate,Self-Employed,690320.44,527561.06,Home,574.9,6,87,0.7559,2021-05-06,0
CUST0117,58,Female,East,Primary,Salaried,1089757.37,457273.02,Car,810.8,5,7,0.9153,2021-08-01,0
CUST0118,58,Female,East,Post-Graduate,Unemployed,381935.77,593122.68,Education,329.5,6,34,0.8048,2018-10-27,1
CUST0119,50,Female,South,Graduate,Unemployed,1423485.7,559771.14,Home,724.7,4,107,0.2718,2015-10-29,1
CUST0120,28,Male,North,Graduate,Self-Employed,667892.75,149380.25,Business,606.3,8,57,0.143,2016-01-03,0
CUST0121,46,Male,South,Secondary,Unemployed,694951.63,275848.45,Home,392.0,4,58,0.3198,2023-10-11,1
CUST0122,28,Male,East,Primary,Self-Employed,631882.38,653057.35,Education,536.8,10,81,0.1725,2018-08-06,0
CUST0123,62,Female,South,Graduate,Self-Employed,564390.19,323761.65,Car,625.7,8,28,0.6635,2021-03-03,1
CUST0124,26,Female,West,Secondary,Unemployed,593682.44,165607.43,Business,340.7,9,66,0.574,2020-12-28,1
CUST0125,56,Other,North,Primary,Salaried,1054882.14,2975412.31,Business,831.7,5,106,0.4374,2015-02-13,1
CUST0126,45,Female,West,Secondary,Self-Employed,1497013.54,271574.17,Home,363.8,11,23,0.3635,2018-11-06,1
CUST0127,42,Male,East,Primary,Unemployed,349610.85,535977.44,Car,811.5,11,36,0.5144,2021-03-10,1
CUST0128,62,Other,West,Post-Graduate,Salaried,1158604.88,387181.26,Home,687.6,3,40,0.7271,2023-12-05,1
CUST0129,38,Other,West,Graduate,Unemployed,705231.04,135674.06,Business,639.5,10,95,0.7706,2021-11-21,0
CUST0130,31,Other,West,Post-Graduate,Unemployed,379227.49,189315.27,Car,605.2,7,41,0.1763,2018-07-12,0
CUST0131,46,Other,West,Post-Graduate,Unemployed,839243.64,382888.81,Other,317.0,12,33,0.3129,2018-01-30,1
CUST0132,54,Male,North,Graduate,Unemployed,1270267.65,2578470.36,Other,420.2,6,18,0.7124,2022-05-01,0
CUST0133,50,Male,South,Secondary,Unemployed,964301.07,583065.47,Car,638.9,12,31,0.7822,2015-09-01,1
CUST0134,58,Female,North,Secondary,Self-Employed,1394399.33,700285.69,Car,437.3,11,46,0.7956,2023-07-16,0
CUST0135,26,Other,North,Post-Graduate,Unemployed,1174743.1,707988.02,Business,480.0,0,116,0.7467,2023-03-21,1
CUST0136,47,Male,West,Secondary,Self-Employed,549097.89,303316.37,Other,768.8,12,48,0.8547,2023-07-20,1
CUST0137,50,Female,North,Post-Graduate,Salaried,1494402.29,711610.82,Education,351.3,5,37,0.1242,2022-06-14,0
CUST0138,63,Male,North,Primary,Salaried,819848.72,219643.15,Home,304.4,5,109,0.1585,2019-09-26,0
CUST0139,45,Female,South,Post-Graduate,Salaried,1034048.99,101308.71,Other,657.5,7,49,0.7002,2022-01-16,0
CUST0140,30,Male,West,Graduate,Self-Employed,608854.77,257725.74,Other,630.5,11,82,0.3064,2022-09-29,1
CUST0141,47,Female,North,Secondary,Self-Employed,701651.25,528561.75,Home,842.8,5,21,0.3982,2021-05-17,0
CUST0142,59,Male,North,Graduate,Salaried,251774.92,641967.5,Other,721.9,6,94,0.412,2022-03-08,0
CUST0143,31,,East,Post-Graduate,Unemployed,1024582.52,560791.76,Business,701.5,3,12,0.27,2019-11-15,1
CUST0144,22,Other,South,Primary,Salaried,845336.81,437917.13,Education,391.8,2,100,0.753,2018-01-05,0
CUST0145,38,,North,Post-Graduate,Self-Employed,,694519.84,Car,,1,119,0.5665,2023-02-08,1
CUST0146,45,Female,South,Secondary,,918724.23,605499.37,Education,,11,45,0.2941,2015-11-16,1
CUST0147,47,Male,West,Graduate,Self-Employed,625491.2,55976.88,Other,731.5,11,84,0.2683,2019-02-17,0
CUST0148,37,Male,North,Post-Graduate,Salaried,502897.06,679680.51,Education,300.8,10,53,0.8141,2023-02-26,1
CUST0149,31,Other,East,Primary,Salaried,1397656.72,439819.41,Education,552.2,11,15,0.5727,2020-09-01,1
CUST0150,37,Female,East,Graduate,Self-Employed,1110943.29,288543.29,Home,819.0,2,104,0.7431,2016-03-22,0
CUST0151,35,,East,Post-Graduate,Self-Employed,1308226.84,655697.68,Other,322.2,5,23,0.1321,2017-10-13,0
CUST0152,47,Female,South,Primary,Self-Employed,332479.55,141089.94,Car,371.9,6,52,0.6677,2022-03-25,1
CUST0153,63,Female,South,Primary,Self-Employed,359285.96,87978.28,Business,751.9,6,68,0.0765,2022-08-30,0
CUST0154,61,Other,South,Graduate,Self-Employed,735589.87,95734.3,Car,530.6,10,118,0.7675,2017-10-17,0
CUST0155,56,Female,East,Graduate,Self-Employed,7985581.76,71977.6,Education,332.2,7,72,0.3717,2021-07-20,0
CUST0156,25,Male,West,Graduate,Salaried,428930.48,654657.67,Other,315.5,11,50,0.9028,2021-04-27,1
CUST0157,33,,North,Primary,Salaried,502410.37,2876844.28,Car,743.5,5,96,0.2097,2023-12-31,0
CUST0158,55,Female,North,Graduate,Unemployed,1424500.18,125774.13,Car,836.7,11,60,0.7627,2020-06-18,0
CUST0159,36,Other,South,Post-Graduate,Self-Employed,1154193.47,2553012.67,Other,515.4,12,77,0.0791,2021-10-03,1
CUST0160,43,Other,North,Secondary,,1477093.55,713990.19,Education,545.6,4,31,0.2746,2015-10-05,0
CUST0161,48,Female,West,Graduate,Unemployed,687951.84,641547.5,Car,389.5,1,107,0.8112,2018-04-22,1
CUST0162,26,Other,North,Graduate,Unemployed,1480858.93,578378.48,Car,634.0,6,25,0.0982,2018-09-18,1
CUST0163,40,Female,South,Primary,Salaried,710772.88,418211.21,Home,535.2,4,110,0.6458,2021-09-24,0
CUST0164,29,Female,West,Post-Graduate,Self-Employed,1363340.73,531399.79,Education,787.0,5,28,0.4512,2017-12-14,0
CUST0165,28,Male,East,Post-Graduate,Unemployed,495766.59,340329.57,Other,677.9,7,78,0.8435,2020-05-04,1
CUST0166,61,Male,North,Post-Graduate,Salaried,1433779.93,208917.62,Home,532.9,10,60,0.2317,2022-01-13,1
CUST0167,57,Female,East,Graduate,Unemployed,795604.34,639912.98,Other,729.9,1,58,0.1847,2021-05-09,0
CUST0168,40,Other,East,Post-Graduate,Self-Employed,697956.51,1913121.21,Car,640.0,10,93,0.4115,2019-06-10,0
CUST0169,23,Female,East,Graduate,Self-Employed,1295700.54,563639.02,Car,373.9,11,61,0.7466,2018-08-07,1
CUST0170,53,Other,East,Primary,Unemployed,1228937.51,582177.05,Other,783.6,0,27,0.2235,2017-04-02,0
CUST0171,51,Other,West,Primary,Unemployed,239732.15,495532.7,Business,622.8,5,49,0.1972,2017-11-25,0
CUST0172,35,Male,South,Secondary,Self-Employed,1047063.53,698472.45,Home,560.8,2,87,0.2059,2023-12-25,1
CUST0173,49,Female,East,Post-Graduate,Self-Employed,483671.77,440478.42,Other,356.3,8,89,0.9198,2019-03-13,1
CUST0174,39,Other,East,Graduate,,1052955.49,538599.85,Other,721.0,0,108,0.8216,2021-09-23,0
CUST0175,47,Female,North,Secondary,Self-Employed,1144514.84,450976.33,Education,579.0,2,112,0.6419,2021-04-05,0
CUST0176,33,Other,East,Primary,Salaried,,280313.95,Education,504.4,9,42,0.4674,2016-04-27,0
CUST0177,54,Male,West,Graduate,Self-Employed,270280.56,153023.94,Business,,7,23,0.3347,2023-01-10,1
CUST0178,,Female,South,Secondary,Unemployed,,622676.88,Other,538.5,6,56,0.4361,2020-05-09,1
CUST0179,55,Male,North,Primary,Unemployed,1153684.21,707738.85,Home,511.0,9,44,0.2003,2015-07-07,1
CUST0180,30,,West,Graduate,Salaried,414348.56,1836482.04,Car,416.2,0,80,0.5042,2016-05-19,1
CUST0181,25,Other,North,Primary,Unemployed,5578949.13,383235.72,Education,560.9,2,31,0.6757,2022-01-25,1
CUST0182,48,Male,North,Graduate,Salaried,1220188.09,506751.36,Other,,5,95,0.4188,2016-10-18,1
CUST0183,64,,North,Post-Graduate,Salaried,1434279.82,106286.16,Education,654.4,7,42,0.2877,2015-07-25,1
CUST0184,29,Male,North,Primary,Salaried,1062361.54,318145.55,Other,447.6,11,16,0.3854,2018-11-04,1
CUST0185,48,Other,South,Primary,Salaried,1105020.84,756850.24,Business,801.2,7,107,0.562,2019-11-30,1
CUST0186,30,Female,West,Primary,Self-Employed,772894.24,2802498.41,Other,722.1,9,97,0.5585,2022-07-06,0
CUST0187,52,Female,West,Secondary,,1359680.45,58733.65,Other,766.9,7,116,0.1989,2023-06-05,1
CUST0188,,Male,West,Post-Graduate,Unemployed,782528.16,385301.09,Business,709.9,0,18,0.4131,2015-05-27,0
CUST0189,54,Other,South,Post-Graduate,Self-Employed,672345.22,217188.59,Other,722.1,9,65,0.695,2019-01-28,0
CUST0190,40,Other,East,Primary,Salaried,1365940.25,666378.99,Business,,9,30,0.2188,2019-05-29,1
CUST0191,62,Other,North,Post-Graduate,Self-Employed,1055993.7,150977.01,Other,704.9,8,60,0.8049,2020-06-01,0
CUST0192,28,Female,East,Post-Graduate,Self-Employed,1473350.99,621780.99,Education,833.8,7,108,0.17,2019-08-18,0
CUST0193,57,Other,South,Secondary,Salaried,1011417.87,308970.19,Car,577.1,11,86,0.3401,2016-04-17,0
CUST0194,56,Female,West,Primary,Unemployed,,89798.75,Education,712.6,2,41,0.6651,2016-08-22,0
CUST0195,28,,South,Post-Graduate,Salaried,864198.99,572096.37,Home,809.6,6,58,0.911,2022-09-07,0
CUST0196,50,Male,East,Secondary,Unemployed,1453576.77,183069.42,Car,829.4,11,70,0.1574,2015-06-16,1
CUST0197,31,Male,South,Graduate,Unemployed,266112.07,511706.51,Business,734.4,8,50,0.1156,2022-12-08,1
CUST0198,56,Female,North,Graduate,Salaried,1348415.76,298299.9,Other,591.8,8,110,0.7269,2022-04-13,1
CUST0199,24,Other,East,Post-Graduate,Salaried,701638.72,262121.75,Education,582.9,8,62,0.4881,2018-04-29,0
CUST0200,56,Other,North,Primary,Salaried,,698713.14,Home,413.1,11,117,0.9286,2023-09-11,1
CUST0201,24,Male,North,Primary,Salaried,1232479.22,481221.72,Education,524.2,7,85,0.414,2018-07-19,1
CUST0202,59,Male,North,Graduate,Unemployed,337976.2,276013.03,Business,509.8,10,8,0.4766,2020-12-25,1
CUST0203,41,Other,East,Primary,Unemployed,1337197.01,81329.86,Business,595.4,1,44,0.239,2023-04-25,0
CUST0204,36,Other,East,Secondary,Salaried,435765.38,689188.35,Other,553.7,8,14,0.3116,2015-10-03,1
CUST0205,37,Male,East,Primary,Salaried,613121.72,512256.82,Other,383.8,9,51,0.7769,2019-10-21,1
CUST0206,45,Male,East,Post-Graduate,Self-Employed,778965.37,415228.54,Other,345.1,4,114,0.7938,2021-01-15,1
CUST0207,62,Male,West,Secondary,Salaried,917072.2,799046.13,Car,,3,119,0.7449,2023-03-23,0
CUST0208,,Other,South,Secondary,,406989.14,474359.4,Car,704.8,7,50,0.0864,2023-07-16,1
CUST0209,52,Female,North,Primary,Unemployed,621292.44,441029.68,Education,618.2,9,27,0.389,2019-03-31,1
CUST0210,55,Female,East,Graduate,Self-Employed,1230454.69,54948.26,Business,391.1,1,70,0.6291,2017-05-16,1
CUST0211,,Other,North,Post-Graduate,,822459.04,170934.69,Home,434.0,2,78,0.5831,2016-07-05,0
CUST0212,60,Other,North,Graduate,Salaried,481571.44,403560.09,Car,756.7,9,23,0.7652,2023-08-10,1
CUST0213,59,Male,South,Post-Graduate,Self-Employed,7613556.72,732004.42,Car,633.0,2,65,0.8614,2021-09-22,1
CUST0214,60,Other,North,Post-Graduate,Unemployed,746889.23,573232.11,Business,734.3,6,49,0.5801,2023-04-25,0
CUST0215,27,Female,West,Graduate,Salaried,207110.29,55335.56,Other,304.0,10,31,0.669,2018-07-17,1
CUST0216,58,Female,East,Post-Graduate,Salaried,737196.61,411850.82,Other,566.1,4,78,0.3599,2022-11-29,0
CUST0217,32,Male,South,Post-Graduate,Self-Employed,1241109.85,563423.34,Business,830.5,0,107,0.132,2016-08-18,0
CUST0218,46,Female,East,Primary,Salaried,1032378.71,201280.43,Other,457.3,0,105,0.5896,2020-10-13,0
CUST0219,27,Female,West,Graduate,Unemployed,713686.05,438307.03,Home,805.5,8,41,0.7035,2021-04-09,0
CUST0220,47,Other,North,Graduate,Salaried,729275.01,104289.48,Home,741.6,4,117,0.5341,2023-11-24,0
CUST0221,51,Other,West,Primary,Self-Employed,351148.79,525246.35,Car,740.1,6,50,0.5149,2015-02-09,0
CUST0222,57,Male,West,Graduate,Self-Employed,484135.97,187088.34,Car,574.4,3,35,0.7119,2017-12-23,0
CUST0223,27,Other,West,Primary,Unemployed,1445391.02,328397.4,Other,777.8,7,28,0.936,2020-09-24,1
CUST0224,54,Female,West,Secondary,Self-Employed,1469459.35,395052.94,Home,670.8,6,79,0.1407,2019-01-21,0
CUST0225,45,Male,West,Post-Graduate,Salaried,744820.83,323808.49,Business,398.9,2,78,0.6674,2016-02-14,0
CUST0226,31,Female,North,Secondary,Self-Employed,849477.17,687042.44,Education,731.9,4,37,0.5559,2021-05-14,1
CUST0227,28,Female,East,Graduate,Self-Employed,668398.55,657511.91,Business,366.7,10,82,0.2291,2021-06-16,1
CUST0228,50,Male,West,Graduate,Self-Employed,1021225.85,175681.65,Education,532.0,9,78,0.4143,2015-10-20,1
CUST0229,47,Female,West,Graduate,Unemployed,,360491.8,Home,368.8,3,89,0.2765,2023-05-05,0
CUST0230,57,Male,North,Post-Graduate,,1194495.28,246839.2,Business,470.2,3,99,0.3058,2022-01-10,1
CUST0231,51,Other,East,Post-Graduate,Salaried,1460404.94,182777.48,Other,539.2,10,86,0.5304,2018-11-23,0
CUST0232,22,Male,South,Graduate,Self-Employed,9610441.98,760218.13,Home,721.2,12,42,0.5873,2023-12-08,1
CUST0233,63,Female,West,Secondary,Self-Employed,302972.65,437457.55,Other,744.2,10,39,0.3062,2023-05-02,0
CUST0234,51,Other,West,Graduate,Unemployed,1009579.91,2302456.13,Car,834.8,4,39,0.1625,2019-12-01,0
CUST0235,53,Female,West,Primary,Self-Employed,304290.03,159565.87,Business,339.3,7,28,0.223,2017-10-21,0
CUST0236,50,Male,North,Secondary,Self-Employed,1155919.61,549505.91,Business,674.8,4,46,0.1928,2023-03-02,1
CUST0237,25,Other,South,Primary,Salaried,,175520.27,Home,517.7,3,6,0.922,2021-07-08,0
CUST0238,27,Other,East,Primary,Salaried,662172.98,452264.99,Business,428.0,8,105,0.6302,2018-11-23,0
CUST0239,24,Female,West,Graduate,Unemployed,1106149.11,189970.05,Business,451.4,9,115,0.5491,2015-10-10,1
CUST0240,54,Female,South,Primary,Unemployed,1313878.07,229089.92,Other,750.5,3,72,0.6649,2023-08-03,0
CUST0241,26,Male,South,Secondary,Salaried,462702.74,124065.19,Business,661.9,8,84,0.6812,2017-11-14,1
CUST0242,,Female,North,Graduate,Unemployed,1166520.67,666519.89,Home,753.0,4,72,0.0866,2015-10-16,0
CUST0243,46,Male,South,Secondary,Unemployed,1012922.57,611895.77,Home,721.5,9,50,0.657,2022-11-17,1
CUST0244,32,Other,West,Graduate,Self-Employed,915105.75,683640.51,Business,754.4,5,82,0.2667,2021-02-12,1
CUST0245,47,Male,North,Graduate,Unemployed,221193.18,2976591.64,Car,770.6,0,103,0.7897,2022-09-26,0
CUST0246,51,Female,South,Secondary,Self-Employed,677207.76,224745.61,Home,613.8,9,32,0.7108,2023-02-11,1
CUST0247,28,Other,East,Primary,Unemployed,,635091.43,Education,491.4,6,58,0.8872,2016-05-08,0
CUST0248,46,Male,East,Primary,Self-Employed,901908.65,426801.21,Home,670.5,6,62,0.7276,2021-06-14,0
CUST0249,58,Other,North,Post-Graduate,Self-Employed,,630368.85,Car,564.5,3,67,0.4058,2021-05-29,1
CUST0250,42,Other,North,Primary,Unemployed,737656.67,192867.31,Home,723.3,2,49,0.6046,2019-12-17,0
CUST0251,27,Male,North,Secondary,Unemployed,1404748.6,2540692.84,Home,467.8,7,7,0.3487,2023-04-20,1
CUST0252,,Other,North,Post-Graduate,Unemployed,1377852.37,241592.26,Car,734.1,9,39,0.0978,2022-05-05,0
CUST0253,28,Male,East,Post-Graduate,Salaried,1473730.71,582266.6,Business,776.7,8,16,0.2178,2020-08-12,0
CUST0254,32,Male,East,Graduate,Self-Employed,1012800.26,783683.2,Home,644.2,6,118,0.95,2015-05-01,0
CUST0255,46,Other,South,Post-Graduate,Salaried,944768.12,284287.07,Business,598.2,3,88,0.1747,2021-01-26,0
CUST0256,49,Male,South,Graduate,Salaried,924542.39,138790.47,Car,699.9,12,45,0.8421,2019-08-23,0
CUST0257,31,Male,North,Secondary,Salaried,234057.69,512709.88,Other,427.0,3,34,0.6686,2019-01-11,1
CUST0258,,Female,West,Post-Graduate,Salaried,412922.29,356441.87,Education,822.6,3,100,0.6542,2017-04-10,0
CUST0259,42,,South,Post-Graduate,Self-Employed,1209079.13,668246.39,Business,636.3,11,78,0.5844,2020-11-21,0
CUST0260,37,Other,West,Primary,Unemployed,703617.21,771944.23,Business,518.9,4,104,0.7949,2020-03-04,1
CUST0261,63,Female,North,Primary,Salaried,1212350.48,572085.61,Business,477.9,0,27,0.4583,2022-12-28,0
CUST0262,32,Other,North,Primary,Salaried,1118094.72,113979.91,Other,636.6,2,53,0.5453,2015-06-29,0
CUST0263,33,Other,North,Post-Graduate,Self-Employed,602373.8,384693.68,Home,794.2,3,5,0.6103,2017-11-02,1
CUST0264,,Other,West,Post-Graduate,Self-Employed,,54929.77,Education,640.9,8,109,0.7927,2015-07-20,1
CUST0265,60,Female,East,Primary,Salaried,341553.94,171001.42,Other,614.8,8,27,0.9197,2023-05-28,0
CUST0266,26,Female,North,Graduate,Self-Employed,374909.53,255813.91,Other,415.4,3,83,0.1024,2021-05-29,0
CUST0267,40,Female,East,Graduate,Unemployed,947685.5,745329.03,Business,585.8,10,68,0.4933,2017-01-06,0
CUST0268,29,,South,Post-Graduate,Self-Employed,259139.85,654532.64,Car,679.5,4,106,0.1111,2018-05-14,0
CUST0269,61,Male,South,Secondary,Self-Employed,,409331.21,Home,655.1,7,24,0.6145,2021-01-08,0
CUST0270,58,Other,East,Primary,Salaried,950616.93,737139.84,Home,833.3,4,112,0.0781,2019-03-17,0
CUST0271,41,Other,East,Primary,Self-Employed,738030.44,228231.68,Education,418.9,4,27,0.151,2023-10-21,1
CUST0272,31,Male,East,Post-Graduate,Unemployed,,295503.46,Home,752.2,8,91,0.9434,2017-04-20,0
CUST0273,65,Other,North,Graduate,Self-Employed,1355941.64,624635.14,Home,617.7,4,86,0.8529,2018-08-07,0
CUST0274,32,Female,North,Primary,Unemployed,,456896.54,Education,,11,107,0.3049,2017-09-29,1
CUST0275,65,Male,North,Post-Graduate,Salaried,311955.45,578508.2,Business,639.0,4,47,0.7857,2022-12-30,0
CUST0276,27,Other,West,Primary,Self-Employed,603509.19,624870.12,Car,379.0,9,38,0.8716,2019-05-25,1
CUST0277,26,Female,North,Graduate,Self-Employed,799614.19,625956.14,Car,579.4,6,109,0.6928,2016-03-14,0
CUST0278,,Male,South,Post-Graduate,Self-Employed,285877.92,570544.9,Business,612.0,5,74,0.6747,2016-12-09,0
CUST0279,51,Female,North,Post-Graduate,Salaried,600446.44,498694.39,Other,724.2,6,46,0.4949,2022-05-28,1
CUST0280,31,Other,South,Post-Graduate,Unemployed,578954.23,385369.83,Education,464.9,12,91,0.3241,2019-11-16,1
CUST0281,30,Female,North,Graduate,Unemployed,7800151.29,784022.17,Education,776.1,3,60,0.682,2019-06-03,0
CUST0282,30,Male,West,Graduate,Self-Employed,400547.48,552549.56,Home,656.6,2,97,0.8464,2022-05-18,0
CUST0283,60,Female,South,Post-Graduate,Unemployed,,338536.04,Business,,9,68,0.8121,2017-08-27,0
CUST0284,52,Other,East,Primary,Unemployed,825992.78,156565.61,Education,555.7,1,71,0.8509,2015-12-29,1
CUST0285,59,Female,North,Graduate,Unemployed,1212085.27,434497.33,Education,531.6,12,42,0.3103,2015-05-25,0
CUST0286,59,Male,North,Graduate,Unemployed,1011612.11,111882.63,Education,438.6,9,40,0.2977,2017-11-18,1
CUST0287,33,Female,South,Post-Graduate,Salaried,1239183.61,307136.0,Car,627.5,2,112,0.4964,2019-08-19,0
CUST0288,44,,East,Primary,Salaried,417880.52,276025.35,Other,428.5,10,95,0.4011,2017-12-11,1
CUST0289,55,Other,North,Primary,Unemployed,1028651.4,373839.41,Education,484.2,4,107,0.1384,2022-05-04,1
CUST0290,55,Female,South,Graduate,Unemployed,5339759.77,358436.57,Business,493.3,11,41,0.2767,2015-05-20,1
CUST0291,,Male,North,Primary,Unemployed,368879.43,724922.91,Car,792.8,11,28,0.278,2020-03-27,1
CUST0292,64,Female,East,Secondary,Salaried,560473.73,341442.82,Education,825.6,4,27,0.4465,2020-07-07,0
CUST0293,49,Male,North,Post-Graduate,Unemployed,5352061.64,595658.86,Home,793.1,2,88,0.6263,2015-06-04,0
CUST0294,53,Female,West,Post-Graduate,Unemployed,1215218.15,2931233.02,Business,366.7,8,50,0.3501,2018-05-25,1
CUST0295,27,Female,East,Secondary,,920818.11,545550.57,Business,793.1,10,93,0.3733,2015-12-14,0
CUST0296,46,Male,East,Post-Graduate,Unemployed,1454440.0,2008927.66,Education,733.3,0,56,0.1564,2022-05-02,0
CUST0297,26,Male,South,Post-Graduate,Unemployed,224781.91,513779.06,Car,307.9,10,11,0.8642,2023-11-25,1
CUST0298,60,Other,South,Primary,Salaried,754074.9,786644.56,Education,366.4,10,78,0.5413,2018-08-10,0
CUST0299,31,Female,South,Graduate,Unemployed,414507.96,486489.35,Other,506.9,2,7,0.8417,2015-11-27,1
CUST0300,52,Other,South,Secondary,Salaried,,359023.49,Other,680.4,9,28,0.6955,2021-11-11,0
CUST0301,29,Other,North,Graduate,,859802.98,519848.18,Home,406.5,12,24,0.6667,2020-04-27,1
CUST0302,61,Female,North,Primary,Unemployed,268193.55,2272355.58,Home,792.3,11,61,0.5834,2018-08-28,1
CUST0303,37,Other,West,Secondary,Self-Employed,1358774.69,488819.19,Business,379.7,9,63,0.2103,2019-03-10,1
CUST0304,58,Male,East,Secondary,Salaried,1307146.78,178400.99,Education,632.0,12,106,0.6242,2021-11-09,0
CUST0305,,Other,West,Post-Graduate,Self-Employed,218855.01,704448.85,Business,618.7,9,24,0.8724,2015-01-21,1
CUST0306,47,Female,North,Post-Graduate,Self-Employed,512664.94,59317.24,Car,373.0,4,35,0.6329,2016-01-07,1
CUST0307,51,Female,South,Post-Graduate,Salaried,1226816.33,398221.84,Home,511.7,11,47,0.5278,2018-04-29,0
CUST0308,,Other,East,Primary,Unemployed,1428918.9,715983.43,Education,555.9,0,51,0.3798,2022-04-08,0
CUST0309,29,Other,West,Secondary,Unemployed,1189151.67,723449.78,Business,452.4,1,52,0.3607,2020-06-14,1
CUST0310,50,Other,East,Primary,Salaried,1359474.18,110127.8,Education,827.0,1,18,0.1983,2016-04-03,0
CUST0311,65,Other,South,Post-Graduate,Self-Employed,746168.96,66111.72,Home,779.5,3,111,0.9027,2022-03-25,0
CUST0312,55,Other,West,Post-Graduate,Self-Employed,937427.16,279871.25,Car,566.3,4,103,0.811,2016-08-30,0
CUST0313,33,Other,South,Secondary,Salaried,351992.54,480893.88,Education,401.5,8,95,0.0812,2018-07-22,0
CUST0314,23,Female,West,Secondary,Self-Employed,1406154.68,777612.62,Other,482.2,11,42,0.4765,2018-04-02,0
CUST0315,50,Female,North,Post-Graduate,Salaried,381250.28,281061.65,Car,545.3,1,46,0.0995,2022-03-11,1
CUST0316,50,Other,North,Post-Graduate,Salaried,837604.97,433666.88,Education,518.7,11,114,0.4349,2019-05-01,1
CUST0317,50,Other,West,Post-Graduate,Self-Employed,412927.45,723292.71,Business,376.8,9,81,0.1275,2017-05-01,1
CUST0318,46,Male,North,Post-Graduate,Unemployed,1388733.65,466860.38,Car,409.6,6,42,0.5485,2015-06-22,0
CUST0319,22,Male,East,Graduate,Unemployed,1284515.99,540359.73,Business,398.7,11,87,0.2703,2016-05-03,1
CUST0320,49,Female,West,Primary,Self-Employed,866283.63,683960.05,Home,380.4,7,117,0.674,2019-01-03,1
CUST0321,55,Other,North,Secondary,Unemployed,438221.75,614471.38,Education,754.8,10,107,0.321,2022-09-08,1
CUST0322,40,Female,West,Post-Graduate,Self-Employed,1397179.59,213407.16,Car,737.3,8,83,0.6707,2020-11-23,0
CUST0323,29,Male,North,Post-Graduate,Self-Employed,605045.51,662779.03,Other,587.7,5,27,0.6889,2015-04-28,0
CUST0324,35,Male,North,Post-Graduate,,,64104.81,Business,323.4,1,9,0.7637,2020-10-04,1
CUST0325,29,,South,Secondary,Salaried,5727784.89,609648.51,Other,491.3,2,114,0.5006,2023-03-04,0
CUST0326,34,Female,South,Primary,Unemployed,328291.43,428146.45,Education,684.0,2,61,0.6562,2016-03-15,1
CUST0327,42,Male,West,Primary,Unemployed,376686.08,578548.19,Home,345.2,7,19,0.3963,2020-02-15,1
CUST0328,49,Male,North,Post-Graduate,Unemployed,8370794.56,554071.61,Other,662.2,1,20,0.179,2019-06-29,0
CUST0329,34,Female,South,Post-Graduate,Salaried,502730.53,424332.58,Other,626.5,12,106,0.7709,2019-06-28,1
CUST0330,51,Male,North,Graduate,Self-Employed,846455.92,150956.29,Home,756.7,7,91,0.0741,2017-01-03,0
CUST0331,55,Female,West,Secondary,Self-Employed,,246248.96,Other,600.6,12,9,0.9416,2016-05-02,0
CUST0332,41,,South,Post-Graduate,Self-Employed,374834.71,415591.2,Business,663.0,10,74,0.565,2020-05-03,0
CUST0333,65,Female,East,Graduate,Salaried,9184670.76,311657.59,Home,720.9,10,48,0.3925,2019-10-20,1
CUST0334,59,Male,North,Graduate,Salaried,6630584.19,395682.04,Other,583.1,6,39,0.0684,2020-04-07,0
CUST0335,28,Other,South,Graduate,Self-Employed,853599.08,304654.57,Education,833.2,3,68,0.6219,2023-10-30,1
CUST0336,36,Other,North,Primary,Unemployed,637889.48,650889.25,Car,491.0,1,88,0.7914,2020-08-29,0
CUST0337,51,Other,South,Primary,,1114331.14,482632.47,Business,447.4,10,73,0.778,2023-08-17,0
CUST0338,65,Female,West,Post-Graduate,Self-Employed,1318241.73,525445.62,Education,753.0,10,25,0.2808,2021-09-28,1
CUST0339,49,,North,Secondary,Salaried,8948349.2,258328.99,Home,830.1,7,105,0.0679,2015-12-10,1
CUST0340,27,Female,South,Secondary,Salaried,942265.39,140481.96,Other,822.3,8,37,0.4968,2016-01-05,1
CUST0341,37,Female,South,Secondary,Salaried,427700.53,379606.56,Other,330.8,8,52,0.6797,2016-04-07,1
CUST0342,45,Female,East,Graduate,Salaried,1039016.86,76107.07,Home,679.9,12,90,0.2657,2021-03-13,0
CUST0343,37,Female,West,Primary,Self-Employed,1405759.62,275666.11,Car,463.6,2,61,0.6182,2023-08-07,0
CUST0344,48,Female,West,Primary,Salaried,,313892.26,Other,705.8,7,93,0.0746,2015-08-02,0
CUST0345,41,Female,North,Primary,Salaried,524484.64,625705.52,Car,765.8,10,57,0.7634,2018-08-01,1
CUST0346,40,Male,North,Post-Graduate,Self-Employed,436456.03,758567.87,Car,,0,76,0.6324,2022-01-10,1
CUST0347,61,Female,East,Secondary,Salaried,1445442.72,2288756.55,Business,755.0,7,20,0.252,2017-04-12,1
CUST0348,35,Other,South,Graduate,,1080345.25,356393.08,Education,836.9,3,84,0.4559,2017-10-14,0
CUST0349,65,,West,Post-Graduate,Unemployed,976354.72,467749.98,Car,559.0,5,82,0.8954,2023-12-31,0
CUST0350,47,Other,East,Secondary,Unemployed,253462.49,177399.87,Education,782.8,2,16,0.3356,2020-12-12,1
CUST0351,39,Other,East,Post-Graduate,Self-Employed,1373630.48,672191.88,Other,,2,45,0.7132,2020-07-05,0
CUST0352,31,Male,South,Secondary,Salaried,811321.79,400349.63,Business,322.4,5,95,0.5548,2020-02-18,0
CUST0353,33,Male,East,Secondary,Unemployed,8834238.15,185426.64,Car,722.5,10,17,0.8486,2015-04-17,1
CUST0354,42,Male,North,Primary,Self-Employed,1279908.99,390541.64,Other,661.9,5,10,0.6406,2020-01-30,0
CUST0355,25,Other,East,Graduate,Salaried,1166939.99,501718.65,Education,397.9,12,115,0.409,2015-03-26,0
CUST0356,29,Female,West,Post-Graduate,Unemployed,1248259.15,563721.46,Home,757.6,8,30,0.4907,2019-05-09,1
CUST0357,49,Other,West,Primary,Salaried,867343.9,557330.02,Car,811.9,8,85,0.6325,2015-12-10,1
CUST0358,41,Male,West,Graduate,Unemployed,262046.76,83821.18,Business,527.2,7,89,0.6983,2017-11-03,1
CUST0359,47,Male,North,Post-Graduate,Unemployed,586941.77,391248.61,Other,744.3,5,116,0.779,2017-05-14,1
CUST0360,22,Female,North,Primary,Salaried,1052541.26,353818.7,Other,699.3,4,84,0.7818,2021-12-01,0
CUST0361,22,Male,North,Primary,Unemployed,1461676.47,206922.11,Car,539.7,10,114,0.761,2017-02-20,1
CUST0362,50,Female,West,Primary,Self-Employed,960794.15,477072.85,Home,483.6,1,85,0.8129,2019-11-04,0
CUST0363,53,Female,West,Post-Graduate,Salaried,,366503.41,Home,447.3,10,58,0.8502,2016-04-23,1
CUST0364,34,Female,East,Post-Graduate,Salaried,859926.73,563730.56,Business,372.1,4,97,0.6902,2019-09-04,0
CUST0365,,Male,East,Primary,Unemployed,827756.69,167235.57,Business,818.7,7,43,0.2612,2021-03-30,1
CUST0366,54,Male,North,Graduate,Self-Employed,348160.08,471486.09,Education,731.7,12,10,0.7431,2021-03-31,1
CUST0367,50,Female,North,Primary,Unemployed,992552.6,126401.03,Other,358.0,10,20,0.8338,2019-01-21,1
CUST0368,63,Female,East,Secondary,Salaried,1303173.62,361812.38,Car,759.1,7,48,0.3081,2016-12-02,1
CUST0369,55,Female,South,Secondary,Self-Employed,737432.24,394064.8,Education,819.1,7,23,0.7431,2023-01-18,0
CUST0370,25,Female,North,Secondary,Unemployed,,585027.14,Other,835.0,6,56,0.8472,2022-11-10,0
CUST0371,55,,South,Post-Graduate,Self-Employed,1037043.15,518269.76,Business,683.6,12,105,0.6339,2023-09-12,1
CUST0372,30,Other,East,Secondary,Salaried,865173.09,305531.66,Home,315.3,12,74,0.5833,2017-09-15,0
CUST0373,38,Other,East,Primary,Salaried,1183527.93,386552.66,Home,549.2,3,108,0.7212,2021-07-10,0
CUST0374,,Other,South,Post-Graduate,Unemployed,1158766.02,437338.87,Education,549.9,2,96,0.4331,2019-08-15,1
CUST0375,55,Female,West,Graduate,Unemployed,848475.5,380059.97,Business,702.4,6,110,0.1966,2020-09-02,1
CUST0376,35,Female,West,Primary,Unemployed,403891.61,741273.02,Business,360.7,5,78,0.3106,2020-11-11,1
CUST0377,31,Other,West,Primary,Self-Employed,1355774.37,664343.8,Home,601.1,1,116,0.0902,2020-05-24,0
CUST0378,,Male,South,Post-Graduate,Self-Employed,1067386.97,595898.12,Other,665.5,6,54,0.2595,2019-06-08,0
CUST0379,32,Other,North,Graduate,Unemployed,1038707.58,113864.02,Other,,0,77,0.5196,2023-06-02,0
CUST0380,35,Male,West,Primary,Unemployed,988911.27,83737.73,Home,487.0,2,58,0.0717,2020-12-02,1
CUST0381,38,Male,South,Graduate,,1082191.14,770842.5,Home,463.9,1,45,0.1782,2018-08-20,1
CUST0382,54,Other,West,Primary,Self-Employed,278821.57,355307.35,Business,648.4,0,39,0.5487,2021-07-28,0
CUST0383,27,,South,Secondary,Self-Employed,902571.68,233871.11,Other,548.5,0,109,0.4682,2021-12-17,0
CUST0384,65,Female,East,Secondary,Unemployed,1292889.45,171062.23,Home,465.4,6,94,0.1607,2016-07-26,0
CUST0385,,,East,Post-Graduate,Self-Employed,519706.77,306222.35,Other,480.7,11,22,0.6318,2015-01-09,1
CUST0386,53,Female,North,Primary,,240231.78,553709.81,Education,834.6,6,110,0.5912,2019-05-04,1
CUST0387,36,Other,North,Graduate,Unemployed,,117474.89,Education,744.6,3,34,0.9321,2019-01-26,1
CUST0388,62,Female,North,Graduate,Unemployed,850423.33,195327.69,Other,610.8,1,80,0.1654,2015-09-24,1
CUST0389,65,Male,East,Post-Graduate,Salaried,1419257.48,757305.67,Education,537.9,6,40,0.1595,2020-10-23,0
CUST0390,48,Other,West,Graduate,Salaried,709416.55,710073.84,Car,838.0,6,14,0.8753,2017-03-17,1
CUST0391,59,Other,East,Graduate,Salaried,340192.85,305601.48,Education,585.8,3,14,0.7482,2021-12-12,0
CUST0392,46,Female,North,Secondary,Salaried,1394850.52,276103.31,Home,356.0,0,76,0.097,2019-04-12,0
CUST0393,,Female,West,Post-Graduate,Unemployed,1004999.72,753188.64,Business,584.5,9,29,0.1472,2015-02-20,1
CUST0394,38,Female,West,Post-Graduate,Unemployed,1007106.15,1691521.13,Other,539.7,10,101,0.372,2021-07-18,0
CUST0395,22,Other,South,Primary,Salaried,859240.23,694026.65,Car,837.1,10,30,0.7567,2018-10-30,1
CUST0396,58,Female,East,Post-Graduate,Self-Employed,410963.98,1829108.82,Home,651.3,11,34,0.4699,2017-05-23,1
CUST0397,33,Male,East,Primary,Salaried,665252.66,156801.48,Other,802.0,5,10,0.9278,2017-03-26,0
CUST0398,33,Male,North,Secondary,Self-Employed,8387261.89,334192.07,Home,486.1,3,44,0.4606,2019-02-23,0
CUST0399,26,Male,South,Secondary,Salaried,449185.68,330691.48,Car,806.6,12,83,0.5786,2021-01-02,1
CUST0400,54,Other,West,Secondary,Unemployed,305830.01,547626.65,Other,513.5,10,101,0.5082,2020-08-04,1
CUST0401,52,Female,West,Primary,Salaried,485384.17,697376.2,Education,533.8,6,78,0.1915,2019-03-13,0
CUST0402,24,Female,East,Post-Graduate,Self-Employed,807816.29,653378.35,Business,313.6,7,34,0.2891,2015-11-07,1
CUST0403,36,Male,North,Primary,Self-Employed,249765.8,197484.74,Education,709.9,12,92,0.8109,2017-02-19,0
CUST0404,22,Female,East,Graduate,Self-Employed,1429559.51,2481136.55,Car,776.0,3,34,0.701,2017-05-09,0
CUST0405,27,Female,South,Post-Graduate,Unemployed,742994.22,1708425.34,Car,468.1,11,6,0.4998,2022-05-22,1
CUST0406,56,Female,East,Primary,Unemployed,1220965.15,165268.43,Education,612.5,12,82,0.8724,2021-06-08,0
CUST0407,28,Female,West,Graduate,Salaried,,183227.07,Other,568.7,2,30,0.1125,2019-04-30,0
CUST0408,32,Female,West,Post-Graduate,Salaried,1486473.66,363809.9,Business,825.3,3,21,0.8334,2018-06-22,0
CUST0409,54,Other,West,Graduate,Salaried,209676.3,97977.53,Car,589.2,9,117,0.4919,2020-03-10,0
CUST0410,41,Female,South,Post-Graduate,Salaried,433451.54,374057.46,Car,684.2,1,55,0.6788,2015-06-28,1
CUST0411,35,Female,West,Primary,Self-Employed,299493.73,624904.31,Business,390.7,3,69,0.0902,2015-04-20,1
CUST0412,47,Male,North,Graduate,Salaried,,552721.68,Business,337.5,8,89,0.2681,2019-11-28,1
CUST0413,40,Male,West,Secondary,Salaried,6366261.32,380493.49,Home,791.0,8,32,0.4479,2015-07-15,0
CUST0414,41,Female,North,Primary,Salaried,1204132.6,746615.41,Car,410.0,0,58,0.0751,2015-03-01,1
CUST0415,64,Male,South,Primary,Self-Employed,,292009.68,Other,413.9,8,55,0.895,2016-05-09,1
CUST0416,36,Male,East,Graduate,Salaried,287530.65,276150.69,Home,691.9,12,113,0.5623,2017-10-28,0
CUST0417,30,Female,South,Graduate,Unemployed,826769.49,506399.99,Business,581.1,11,34,0.5031,2022-11-26,0
CUST0418,37,Other,North,Primary,Salaried,686880.72,163752.94,Home,430.9,11,81,0.9397,2019-12-23,0
CUST0419,48,Other,East,Primary,Salaried,1301015.3,231686.74,Car,740.8,11,97,0.2502,2019-04-12,0
CUST0420,25,Other,South,Secondary,Salaried,319287.21,673415.66,Car,579.1,6,97,0.4704,2016-11-03,0
CUST0421,62,Male,East,Post-Graduate,Salaried,1436317.15,333288.12,Business,577.9,11,60,0.7343,2023-11-25,0
CUST0422,56,Male,South,Graduate,Self-Employed,802746.61,331360.16,Home,483.3,11,65,0.2261,2017-02-15,1
CUST0423,47,Other,East,Post-Graduate,Self-Employed,600154.07,103425.77,Home,511.7,9,25,0.2248,2019-11-23,0
CUST0424,45,Other,North,Post-Graduate,Self-Employed,1156363.47,75880.68,Home,683.6,10,23,0.2852,2020-02-09,0
CUST0425,29,Male,West,Post-Graduate,Unemployed,962008.56,438902.78,Business,391.2,6,37,0.6727,2020-08-12,0
CUST0426,27,Male,East,Secondary,Self-Employed,1173349.09,348477.66,Car,749.0,0,17,0.1129,2022-10-23,0
CUST0427,30,Male,West,Secondary,Unemployed,,660777.84,Home,712.5,12,102,0.2227,2019-08-02,1
CUST0428,29,,North,Graduate,Salaried,961340.32,554603.44,Home,446.3,0,90,0.5742,2015-06-21,1
CUST0429,53,,East,Post-Graduate,Self-Employed,682020.66,799583.85,Education,665.8,6,83,0.1015,2018-12-29,0
CUST0430,30,,North,Graduate,Unemployed,,388938.56,Business,583.2,10,29,0.0528,2022-02-26,0
CUST0431,42,Other,West,Secondary,Unemployed,829896.99,645470.28,Business,842.8,11,120,0.1404,2019-04-26,1
CUST0432,54,Male,South,Post-Graduate,Salaried,591752.8,461560.0,Car,793.0,1,66,0.6464,2017-09-13,1
CUST0433,23,Male,East,Post-Graduate,Self-Employed,486488.85,407226.74,Home,,8,86,0.7029,2016-01-06,0
CUST0434,43,Female,West,Post-Graduate,,490616.09,115760.26,Other,815.5,11,19,0.5656,2016-06-05,0
CUST0435,49,Female,East,Secondary,Unemployed,1062865.61,2778543.04,Education,379.6,4,112,0.247,2022-08-17,1
CUST0436,60,Female,East,Primary,Self-Employed,1495903.19,408712.06,Business,460.3,6,12,0.933,2018-09-26,1
CUST0437,33,Female,West,Graduate,Unemployed,1386089.28,66174.37,Business,672.8,5,101,0.4022,2015-10-22,0
CUST0438,30,Female,North,Graduate,Self-Employed,1051024.18,381412.81,Car,415.4,12,100,0.2261,2022-04-21,1
CUST0439,49,Other,South,Primary,Salaried,662259.01,758797.4,Other,657.6,9,60,0.9228,2022-01-12,0
CUST0440,33,,West,Primary,Self-Employed,1324364.53,256412.03,Education,306.4,1,15,0.1598,2022-03-12,0
CUST0441,28,Other,South,Post-Graduate,Self-Employed,1499940.45,273772.51,Education,334.9,12,73,0.2164,2022-11-10,1
CUST0442,59,Other,North,Secondary,Unemployed,,499326.95,Other,546.0,5,20,0.0852,2021-06-13,1
CUST0443,54,Female,East,Secondary,Self-Employed,1470234.03,2918691.89,Education,662.5,7,22,0.5694,2022-10-18,1
CUST0444,64,Male,South,Primary,Salaried,384167.53,211409.71,Other,418.8,5,40,0.1656,2021-12-23,1
CUST0445,38,Other,West,Secondary,Unemployed,464891.77,252049.77,Car,,9,89,0.633,2020-09-25,1
CUST0446,,Male,North,Graduate,Salaried,890911.22,355085.95,Home,499.6,5,104,0.2959,2023-12-14,1
CUST0447,29,Male,East,Post-Graduate,Salaried,887648.15,699048.76,Other,354.5,0,26,0.3362,2023-06-07,1
CUST0448,47,Female,South,Graduate,Salaried,1092655.85,543172.2,Other,704.5,0,97,0.6253,2019-02-25,0
CUST0449,,Other,East,Graduate,Self-Employed,876773.06,742858.97,Home,821.1,6,103,0.3315,2016-01-05,0
CUST0450,40,Other,West,Primary,Self-Employed,1080142.98,152321.29,Other,683.8,6,6,0.6047,2023-05-14,1
CUST0451,55,Other,North,Post-Graduate,Salaried,1076878.82,442637.31,Home,501.9,2,70,0.368,2015-07-28,0
CUST0452,56,Male,East,Graduate,,581608.55,603519.29,Car,807.7,10,70,0.7932,2015-05-26,0
CUST0453,28,Male,East,Secondary,Self-Employed,660892.02,419034.59,Other,794.2,6,20,0.8718,2015-01-29,1
CUST0454,33,Other,East,Primary,Self-Employed,1053163.54,154905.8,Home,497.6,11,30,0.1496,2018-03-12,1
CUST0455,52,,East,Primary,Self-Employed,835788.18,561302.36,Business,576.0,11,112,0.7931,2016-06-22,1
CUST0456,37,Male,East,Post-Graduate,Unemployed,1158661.02,267099.97,Business,436.3,2,98,0.5101,2017-10-18,1
CUST0457,52,Other,North,Secondary,Salaried,1490317.17,525857.89,Car,520.7,4,29,0.8862,2019-10-13,1
CUST0458,36,,East,Post-Graduate,Self-Employed,279754.64,88741.62,Education,454.3,5,96,0.4263,2018-08-03,0
CUST0459,39,Other,North,Post-Graduate,Salaried,527941.96,300711.61,Home,675.6,12,115,0.1673,2019-01-16,0
CUST0460,35,Other,West,Primary,Salaried,369631.03,140265.76,Car,406.1,7,17,0.1174,2021-02-16,1
CUST0461,30,Male,West,Graduate,Unemployed,1467664.0,386361.67,Business,337.2,6,72,0.8882,2020-08-25,0
CUST0462,,Other,South,Post-Graduate,Self-Employed,,778653.81,Other,511.3,12,54,0.4108,2018-01-17,1
CUST0463,54,Female,East,Graduate,Salaried,585272.79,139327.55,Other,431.0,0,86,0.1833,2018-02-11,0
CUST0464,,Male,North,Graduate,Unemployed,986707.4,112434.62,Other,445.2,2,57,0.8585,2018-04-22,1
CUST0465,33,Female,North,Primary,Unemployed,1169500.73,540368.54,Other,603.0,7,33,0.3418,2017-04-15,0
CUST0466,45,Male,West,Primary,Self-Employed,,696764.13,Business,818.8,2,87,0.3038,2018-06-24,1
CUST0467,37,Female,West,Primary,Unemployed,884812.11,655994.54,Business,511.2,1,110,0.0622,2022-03-24,0
CUST0468,22,,East,Primary,Salaried,380999.13,719292.72,Education,482.5,2,36,0.1003,2022-10-05,1
CUST0469,48,Male,North,Secondary,Salaried,494677.68,314982.43,Business,677.7,11,110,0.8615,2020-07-07,1
CUST0470,29,Female,North,Primary,Unemployed,396433.86,301133.05,Business,382.6,10,92,0.3214,2018-03-21,1
CUST0471,26,Male,South,Secondary,Self-Employed,392114.24,647638.05,Home,362.2,6,98,0.3006,2016-01-06,1
CUST0472,48,Other,East,Secondary,Unemployed,1398086.37,462004.45,Business,592.9,3,54,0.1253,2023-01-07,0
CUST0473,22,Male,North,Graduate,Unemployed,816104.26,132617.23,Education,766.8,12,109,0.1754,2020-02-29,1
CUST0474,25,,South,Primary,Unemployed,,69760.16,Education,329.7,1,89,0.5734,2020-05-07,0
CUST0475,58,Female,South,Secondary,Self-Employed,1166625.32,573922.94,Business,,7,105,0.6304,2015-02-24,1
CUST0476,49,Other,West,Graduate,Unemployed,852434.17,367752.7,Home,586.8,2,100,0.2407,2021-12-10,1
CUST0477,51,Female,East,Post-Graduate,Self-Employed,414271.67,534985.4,Home,357.4,5,82,0.7509,2018-10-06,1
CUST0478,41,Male,South,Primary,Salaried,549918.42,473597.61,Business,325.1,5,16,0.8992,2015-02-04,0
CUST0479,44,Male,North,Graduate,Self-Employed,1365464.53,426632.84,Home,622.9,6,66,0.5777,2015-06-03,0
CUST0480,35,Other,South,Secondary,Unemployed,871191.04,538546.19,Education,546.1,2,48,0.3118,2021-12-28,0
CUST0481,61,Other,North,Secondary,Unemployed,1016126.54,653544.83,Education,600.9,12,105,0.8556,2020-08-05,1
CUST0482,27,Male,South,Post-Graduate,Self-Employed,1481986.3,622359.78,Car,816.9,9,67,0.0856,2018-03-20,0
CUST0483,42,Female,North,Post-Graduate,Unemployed,785119.95,2966147.46,Home,707.6,3,94,0.7891,2015-02-02,1
CUST0484,51,Other,North,Graduate,Self-Employed,809035.31,663717.31,Car,702.5,6,103,0.4398,2019-07-03,0
CUST0485,39,,North,Secondary,Self-Employed,389167.94,476154.93,Business,334.3,12,51,0.7606,2020-04-23,1
CUST0486,33,Male,South,Primary,Self-Employed,726589.02,584155.03,Other,417.8,4,28,0.7975,2016-01-14,0
CUST0487,52,Female,South,Post-Graduate,Self-Employed,1386377.16,667261.77,Other,409.2,11,90,0.5706,2016-08-15,1
CUST0488,31,Female,South,Post-Graduate,Self-Employed,347688.94,354789.98,Home,843.5,2,86,0.4544,2021-06-27,1
CUST0489,46,Male,East,Secondary,Salaried,1463267.86,60778.26,Home,466.1,4,69,0.7871,2016-05-25,0
CUST0490,55,Female,North,Secondary,Self-Employed,756898.7,496168.86,Business,456.8,10,93,0.6623,2022-02-10,1
CUST0491,28,Male,North,Post-Graduate,Salaried,845326.41,745421.68,Business,576.8,12,9,0.6509,2019-09-19,1
CUST0492,44,,West,Post-Graduate,Salaried,1421501.85,430670.61,Education,469.1,12,58,0.656,2015-01-18,0
CUST0493,60,Female,East,Secondary,Unemployed,1490677.86,780117.74,Business,755.7,12,78,0.4362,2022-02-19,1
CUST0494,30,Other,North,Post-Graduate,Unemployed,1391664.97,169289.88,Home,,6,6,0.616,2021-08-27,1
CUST0495,30,Female,East,Secondary,Salaried,1048279.54,195371.69,Business,723.7,10,11,0.2975,2016-08-11,0
CUST0496,,Male,East,Graduate,Salaried,320610.28,321047.99,Business,355.4,12,7,0.4224,2020-06-15,0
CUST0497,32,Male,East,Primary,Salaried,,691106.7,Education,,7,83,0.59,2015-01-21,1
CUST0498,54,Male,South,Graduate,Salaried,5692825.1,112582.07,Car,447.2,7,30,0.9079,2018-11-28,0
CUST0499,34,Female,South,Secondary,Unemployed,1299846.51,771403.47,Other,471.4,12,31,0.9084,2020-06-21,1
CUST0500,46,Female,South,Graduate,Self-Employed,1367263.08,387052.54,Other,439.2,6,42,0.5935,2022-03-27,0
